id,title,score,num_comments,author,created_utc,url,over_18,edited,spoiler,stickied
1k3vz1m,Anybody else find dbt documentation hopelessly confusing,32,4,yanicklloyd,2025-04-20 20:39:58,https://www.reddit.com/r/dataengineering/comments/1k3vz1m/anybody_else_find_dbt_documentation_hopelessly/,False,False,False,False
1k3zle1,Which companies outside of FAANG make $200k+ for DE?,29,39,TownAny8165,2025-04-20 23:34:15,https://www.reddit.com/r/dataengineering/comments/1k3zle1/which_companies_outside_of_faang_make_200k_for_de/,False,False,False,False
1k4e9ja,What's the best tool for loading data into Apache Iceberg?,21,9,Livid_Ear_3693,2025-04-21 14:01:35,https://www.reddit.com/r/dataengineering/comments/1k4e9ja/whats_the_best_tool_for_loading_data_into_apache/,False,False,False,False
1k41nsf,When is it ok to use any non ACID compliant db ?,21,17,Commercial_Dig2401,2025-04-21 01:20:15,https://www.reddit.com/r/dataengineering/comments/1k41nsf/when_is_it_ok_to_use_any_non_acid_compliant_db/,False,False,False,False
1k3u48f,Real-time 4/20 cannabis sales dashboard using streaming data,20,4,dabasaurus_rex_rawr,2025-04-20 19:13:01,https://420.headset.io,False,False,False,False
1k3wpp9,I've been testing LLMs for data transformations and results have been great,15,7,arctic_radar,2025-04-20 21:14:46,https://www.reddit.com/r/dataengineering/comments/1k3wpp9/ive_been_testing_llms_for_data_transformations/,False,False,False,False
1k46wz7,How can I capture deletes in CDC if I can't modify the source system?,15,9,Acceptable-Ride9976,2025-04-21 06:31:42,https://www.reddit.com/r/dataengineering/comments/1k46wz7/how_can_i_capture_deletes_in_cdc_if_i_cant_modify/,False,False,False,False
1k408vu,Seeking Advice - Is DE at Meta worth pursuing?,10,17,indyscout,2025-04-21 00:06:47,https://www.reddit.com/r/dataengineering/comments/1k408vu/seeking_advice_is_de_at_meta_worth_pursuing/,False,False,False,False
1k4974w,"Performance Evaluation of Trino 468, Spark 4.0.0-RC2, and Hive 4 on MR3 2.0 using the TPC-DS Benchmark",11,0,ForeignCapital8624,2025-04-21 09:15:57,https://www.reddit.com/r/dataengineering/comments/1k4974w/performance_evaluation_of_trino_468_spark_400rc2/,False,False,False,False
1k4g3y4,How Tencent Music saved 80% in costs by migrating from Elasticsearch to Apache Doris,9,0,ApacheDoris,2025-04-21 15:18:35,https://doris.apache.org/blog/tencent-music-migrate-elasticsearch-to-doris,False,False,False,False
1k41hcg,Cloudflare R2 + Apache Iceberg + R2 Data Catalog + Daft,9,0,averageflatlanders,2025-04-21 01:10:38,https://dataengineeringcentral.substack.com/p/cloudflare-r2-apache-iceberg-r2-data,False,False,False,False
1k3u13r,My first on-cloud data engineering project,9,2,Gloomy-Profession-19,2025-04-20 19:09:01,https://www.reddit.com/r/dataengineering/comments/1k3u13r/my_first_oncloud_data_engineering_project/,False,False,False,False
1k4hki6,Can I become a Junior DE as a middle aged person?,4,16,Easy-Echidna-3542,2025-04-21 16:24:42,https://www.reddit.com/r/dataengineering/comments/1k4hki6/can_i_become_a_junior_de_as_a_middle_aged_person/,False,False,False,False
1k4aa0z,Will WSL Perform Better Than a VM on My Low-End Laptop?,5,7,MazenMohamed1393,2025-04-21 10:30:35,https://www.reddit.com/r/dataengineering/comments/1k4aa0z/will_wsl_perform_better_than_a_vm_on_my_lowend/,False,False,False,False
1k48izz,"DBT Logging, debugging and observability overall is a challenge. Discuss.",5,6,sxcgreygoat,2025-04-21 08:29:00,https://www.reddit.com/r/dataengineering/comments/1k48izz/dbt_logging_debugging_and_observability_overall/,False,False,False,False
1k3ugrj,Looking for recent trends or tools to explore in the data world,5,5,Ilyes_ch,2025-04-20 19:29:12,https://www.reddit.com/r/dataengineering/comments/1k3ugrj/looking_for_recent_trends_or_tools_to_explore_in/,False,False,False,False
1k4hzeq,Should I learn Scala?,7,13,Present-Break9543,2025-04-21 16:40:59,https://www.reddit.com/r/dataengineering/comments/1k4hzeq/should_i_learn_scala/,False,False,False,False
1k4eyv2,Moving from Software Engineer to Data Engineer,5,6,homelescoder,2025-04-21 14:31:37,https://www.reddit.com/r/dataengineering/comments/1k4eyv2/moving_from_software_engineer_to_data_engineer/,False,False,False,False
1k471tz,How can I speed up the Stream Buffering in BigQuery?,3,8,Weird-Trifle-6310,2025-04-21 06:41:31,https://www.reddit.com/r/dataengineering/comments/1k471tz/how_can_i_speed_up_the_stream_buffering_in/,False,False,False,False
1k45ujt,Anyone attending the Databricks Field Lab in London on April 29?,4,1,Adept_Explanation831,2025-04-21 05:17:35,https://www.reddit.com/r/dataengineering/comments/1k45ujt/anyone_attending_the_databricks_field_lab_in/,False,False,False,False
1k41dxp,(Streaming) How do you know if things are complete ?,5,2,Commercial_Dig2401,2025-04-21 01:05:40,https://www.reddit.com/r/dataengineering/comments/1k41dxp/streaming_how_do_you_know_if_things_are_complete/,False,False,False,False
1k3yb5c,Spark JDBC datasource,5,6,doobiedoobie123456,2025-04-20 22:30:30,https://www.reddit.com/r/dataengineering/comments/1k3yb5c/spark_jdbc_datasource/,False,False,False,False
1k4gzcn,Thoughts on Prophecy?,3,4,Jumpy-Log-5772,2025-04-21 16:02:00,https://www.reddit.com/r/dataengineering/comments/1k4gzcn/thoughts_on_prophecy/,False,False,False,False
1k4fz5s,What’s the best way to upload a Parquet file to an Iceberg table in S3?,3,4,chrmux,2025-04-21 15:13:08,https://www.reddit.com/r/dataengineering/comments/1k4fz5s/whats_the_best_way_to_upload_a_parquet_file_to_an/,False,False,False,False
1k4fe7b,Load SAP data into Azure gen2.,3,0,ChildhoodMost2264,2025-04-21 14:49:32,https://www.reddit.com/r/dataengineering/comments/1k4fe7b/load_sap_data_into_azure_gen2/,False,False,False,False
1k4e0go,Sync data from snowflake to postgres,3,12,gal_12345,2025-04-21 13:50:44,https://www.reddit.com/r/dataengineering/comments/1k4e0go/sync_data_from_snowflake_to_postgres/,False,False,False,False
1k3yg6y,Career Advice,2,4,TastyBrilliant5132,2025-04-20 22:37:32,https://www.reddit.com/r/dataengineering/comments/1k3yg6y/career_advice/,False,False,False,False
1k3wenv,Need advice: Codec (Data Engineer) vs Optum (Data Analyst) offer — which one to choose?,2,5,FluffyBonus3868,2025-04-20 21:00:34,https://www.reddit.com/r/dataengineering/comments/1k3wenv/need_advice_codec_data_engineer_vs_optum_data/,False,False,False,False
1k4hl3x,Thoughts on TOGAF vs CDMP certification,2,1,ActRepresentative378,2025-04-21 16:25:19,https://www.reddit.com/r/dataengineering/comments/1k4hl3x/thoughts_on_togaf_vs_cdmp_certification/,False,False,False,False
1k4ij3v,Benchmark library for PostgreSQL,1,0,NoCryptographer4635,2025-04-21 17:02:02,https://i.redd.it/3zso1naxy7we1.jpeg,False,False,False,False
1k4fhg4,What does a  data collective officer do?,1,1,Varysko,2025-04-21 14:53:20,https://www.reddit.com/r/dataengineering/comments/1k4fhg4/what_does_a_data_collective_officer_do/,False,False,False,False
1k44izr,Most prominent data quality issues,1,3,Existing-Push-2142,2025-04-21 03:56:30,https://www.reddit.com/r/dataengineering/comments/1k44izr/most_prominent_data_quality_issues/,False,False,False,False
